{
    "Naive Bayes + CountVectorizer": {
        "acc_train": [
            0.83690625,
            0.8258203125,
            0.8201692708333332,
            0.8160234375,
            0.81381875,
            0.8119531250000002,
            0.8105770089285714,
            0.8091376953125,
            0.8082152777777779,
            0.807665625
        ],
        "acc_test": [
            0.75534375,
            0.759953125,
            0.7628958333333333,
            0.7666328125,
            0.76575625,
            0.7656354166666667,
            0.7648348214285714,
            0.7686015625,
            0.7681805555555555,
            0.76741875
        ]
    },
    "Naive Bayes + TfidfVectorizer": {
        "acc_train": [
            0.8384140624999998,
            0.8277578125,
            0.821875,
            0.8178750000000001,
            0.8148453124999999,
            0.8130520833333333,
            0.8113571428571429,
            0.8104677734375001,
            0.8096640624999999,
            0.8083710937500002
        ],
        "acc_test": [
            0.7524375,
            0.755828125,
            0.75684375,
            0.757125,
            0.76086875,
            0.7594895833333334,
            0.7605982142857143,
            0.76034375,
            0.7606701388888889,
            0.761359375
        ]
    },
    "Logistic Regression + CountVectorizer": {
        "acc_train": [
            0.8517265625,
            0.8406874999999999,
            0.8335520833333334,
            0.82846484375,
            0.8258218750000001,
            0.8251510416666668,
            0.8217779017857143,
            0.820484375,
            0.8197352430555556,
            0.8191664062500001
        ],
        "acc_test": [
            0.76096875,
            0.766328125,
            0.77046875,
            0.773609375,
            0.77455625,
            0.7757291666666667,
            0.7756741071428571,
            0.77645703125,
            0.7782986111111111,
            0.778971875
        ]
    },
    "Logistic Regression + TfidfVectorizer": {
        "acc_train": [
            0.8202734375,
            0.8123203125,
            0.7989739583333333,
            0.8054218750000001,
            0.8068953125,
            0.8018177083333333,
            0.8030491071428572,
            0.796048828125,
            0.7970694444444445,
            0.799134375
        ],
        "acc_test": [
            0.76546875,
            0.771953125,
            0.7733541666666667,
            0.7739296875,
            0.77485,
            0.777234375,
            0.7786919642857143,
            0.77885546875,
            0.7797291666666667,
            0.78061875
        ]
    }
}