{
    "Naive Bayes + CountVectorizer": {
        "acc_train": [
            0.8363046875,
            0.82573046875,
            0.8201796874999999,
            0.81608984375,
            0.8139671875,
            0.8119361979166667,
            0.8105122767857142,
            0.80918359375,
            0.8082994791666668,
            0.8077390624999999
        ],
        "acc_test": [
            0.7567812499999998,
            0.7607187499999999,
            0.7639479166666667,
            0.764359375,
            0.765175,
            0.7644427083333334,
            0.7657544642857143,
            0.76741796875,
            0.7678125,
            0.766934375
        ]
    },
    "Naive Bayes + TfidfVectorizer": {
        "acc_train": [
            0.83853125,
            0.82746484375,
            0.8221562500000001,
            0.817728515625,
            0.8149843750000001,
            0.8129986979166667,
            0.8114040178571429,
            0.81053515625,
            0.809765625,
            0.8087843749999999
        ],
        "acc_test": [
            0.7502812500000001,
            0.7562187500000002,
            0.7574270833333332,
            0.7591875000000001,
            0.75941875,
            0.759625,
            0.7606517857142857,
            0.7596328124999999,
            0.7604166666666667,
            0.761290625
        ]
    },
    "Logistic Regression + CountVectorizer": {
        "acc_train": [
            0.8521953124999999,
            0.83742578125,
            0.8317656249999998,
            0.8298535156250001,
            0.8250921874999999,
            0.8213463541666666,
            0.8211785714285714,
            0.8211894531249999,
            0.8180590277777778,
            0.82001953125
        ],
        "acc_test": [
            0.7641875,
            0.76653125,
            0.7728958333333333,
            0.77284375,
            0.7733,
            0.7758697916666667,
            0.7753125,
            0.7766093749999999,
            0.7772743055555555,
            0.7784843749999999
        ]
    },
    "Logistic Regression + TfidfVectorizer": {
        "acc_train": [
            0.8199687499999999,
            0.8132109374999998,
            0.8087552083333334,
            0.80751953125,
            0.8016046875,
            0.8005078125,
            0.7958470982142857,
            0.7947460937499999,
            0.7960590277777778,
            0.7992953125
        ],
        "acc_test": [
            0.76584375,
            0.7734218750000001,
            0.7749270833333333,
            0.7779921875,
            0.7747875000000001,
            0.7777812500000001,
            0.7772187500000001,
            0.77848046875,
            0.7781388888888889,
            0.7796093749999999
        ]
    }
}